Name,Gender,Birthtown,birth date,Street,Hometown,Class,start date,password
"Abel , Lukas",m,Berlin,27.07.1994,Hohlweg 1,12362 Berlin,Skill08-2020,04.09.20,Q2LZj4goA
"Albert , Joachim",f,Waren,26.09.1996,Gruene Strasse 11,17192 Waren,Skill39-2021,04.09.20,EWKaZommbaJuqbS
"Albrecht , Leon",m,Waren,17.05.1997,Am Muehlenweg 7b,1749 Waren (Mueritz),Skill08-2021,04.09.20,Dpkrxz3vHiuJqfD
"Aschersleben , Thomas",m,Greifswald,13.09.1996,Hildebrandshagen 1,17384 Greifswald,Skill39-2020,04.09.20,Kdj2jwwu7HojEnK
"Augustin , ""Benno",m,Jena,14.01.1997,Am Sandberg 6,47167 Duisburg,Skill09-2021,03.09.21,YQexudO
"Baecker , Kathrin",f,Gera,02.01.1996,Ernst-Alban-Strasse 38,15234 Frankfurt Oder,Skill02-2021,03.09.21,P9rejuUqMYeNm3lG
"Bahr , Leo Richard",m,Waren,09.12.1997,Merkelstrasse 2,18147 Rostock,Skill09-2020,03.09.21,Nt1ExhpY2ktO
"Barsikow , Winnie",f,Debrecen/Hungary,08.12.1996,Wellington Allee 3,47167 Duisburg,Skill08-2021,03.09.21,OVMz8tVagl3if2QO
"Bauch , Tristan",m,Demmin,07.12.1995,Grosser Weg 5,17237 Moellenbeck,Skill08-2021,03.09.21,R8sIiavBYtbuWNW
"Beck , Marcel",m,Neubrandenburg,09.01.1996,Erich-Zastrow-Strasse 12,17034 Neubrandenburg,Skill02-2021,03.09.21,QBdIvml8wiol5z8X
"Bednorz , Tabea",f,Goslar,29.09.1996,Teschendorfer Chaussee 27,22417 Hamburg,Skill09-2021,03.09.21,HRadtz3uefewnl5R
"Behland , Timo",m,Cottbus,27.04.1994,Kleiner Weg 1,34117 Kassel,Skill08-2021,03.09.21,UwupoxmDrL
"Behnke , Ann-Kathrin",f,Demmin,23.02.2000,Siedlung Nr. 2,04316 Leipzig,Skill09-2021,03.09.21,PiebswtU
"Beigner , Lena",f,Demmin,09.12.1997,Hinter der Gruenen Str. 5,"17109
17039 Demmin",Skill39-2020,04.09.20,WgrbzxiT9K5cOV
"Benz , Tom",m,Suhl,03.12.1996,Kopernikusstrasse 24,17192 Waren,Skill09-2021,03.09.21,j0q8s9j4z8qP
"Birkholz , Sven Hendrik",m,Berlin,10.03.1996,Strandstrasse 3,44229 Dortmund,Skill08-2021,03.09.21,UewMik5KqM
"Blank , Michael",m,Anklam,10.03.1997,Hof I,17389 Anklam,Skill08-2021,03.09.21,Ig4ScGbo2cB0BiyF
"Boehme , Alexander",m,Homs,08.12.1996,Hofstrasse 14,38350 Helmstedt,Skill39-2020,04.09.20,XigUanmfgB
"Brandt , Martin",m,Budapest/Hungary,,Eberhof 23,51103 Koeln,Skill08-2021,03.09.21,C4Oojo8E2p2oT
"Breitsprecher , Maja",f,Neubrandenburg,17.02.1997,Busstrasse 12,17036 Neubrandenburg,Skill08-2021,03.09.21,Jaechcutu7JvcK
"Bremer , Jannik",m,Pasewalk,03.08.1997,Greifswalder Strasse 4,68161 Mannheim,Skill08-2020,04.09.20,O3ayggag0w5o5gM
"Brenner , Aileen",f,Neubrandenburg,07.12.1995,Jaegerstrasse 1,51143 Koeln,Skill39-2020,04.09.20,Vqlpf2pY
"Bruemmer , Lea",f,Meiningen,29.01.1997,Jarvis Allee 3,39120 Magdeburg,Skill08-2021,03.09.21,WD9mtxf2olbJ
"Bruhnke , Henning",m,Magdeburg,07.11.1994,Jahnstrasse 46,39120 Magdeburg,Skill39-2020,04.09.20,D0R7Qi3V9w1ZaZ=5q3GeB8lP
"Brunner , Lena",f,Anklam,06.02.1997,Tardis Platz 4,17309 Anklam,Skill08-2021,03.09.21,asdfghjk
"Buelow , Hans",m,Gera,01.07.1995,Greifstr. 12,41239 Minden,Skill08-2020,04.09.20,Y1vjq5YCirK
"Buth , Laura-Sophie",f,Suhl,03.12.1996,Game-Of-Thrones-Allee 3,17389 Anklam,Skill08-2021,03.09.21,EU5v7vcrDK
"Constantin Robert""",m,Neubrandenburg,28.01.1995,Am Trockenen Weg 10,17034 Neubrandenburg,Skill02-2021,03.09.21,NcawzqsF
"Dawidowicz , Franziska",f,Goslar,29.09.1996,Koenigswegs 5,17235 Neustrelitz,Skill08-2021,03.09.21,QjD1OkQT
"Deuse , Sina",f,Neubrandenburg,01.02.1996,Curiestrasse 76,17036 Neubrandenburg,Skill08-2021,03.09.21,BaAXwDB9htJ9oP
"Dietrich , Bastian",m,Neubrandenburg,01.06.1996,"Gartenstrasse 21
Hauptstrasse 8",17034 Neubrandenburg,Skill08-2020,04.09.20,T6r1N
"Dietrich , Vivien",f,Neubrandenburg,13.10.1995,John-Schehr-Str. 20,17389 Anklam,Skill39-2020,04.09.20,U9ggPdwVbnD
"Dola , Paul",m,Bern,28.01.1995,Galileo Platz 3,17389 Anklam,Skill08-2021,03.09.21,PGsr7Bp1czaS
"Eingel , Niklas",m,Eisenach,14.01.1997,Schroedingers Weg 5,12527 Berlin,Skill08-2021,03.09.21,OqlkpsE
"Eltzmann , Viviane",f,Erfurt,07.10.1994,John-Schehr-Strasse 11 B,12527 Berlin,Skill39-2020,04.09.20,Zeu1ug6FA
"Enders , Alice",f,Berlin,21.02.2000,Semmelweisstrasse 21,12232 Berlin,Skill09-2021,03.09.21,Zx3t0qOG
"Ewert , Malte",m,Neustrelitz,09.01.1996,Einsteinstrasse 1,17235 Neustrelitz,Skill08-2021,03.09.21,IvxxgvoJ8zfV
"Fell , Vanessa",f,Meiningen,29.01.1997,Koszaliner Strasse 4,39120 Magdeburg,Skill09-2021,03.09.21,C5Jgi3lZqtrF
"Fischer , Anna",f,Neubrandenburg,29.05.1995,Gartenstrasse 18,17033 Neubrandenburg,Skill08-2020,04.09.20,KwupkoRr1fjfK
"Fischer , Tobias",m,Neubrandenburg,07.10.1997,John-Schehr-Strasse 36,17034 Neubrandenburg,Skill39-2020,04.09.20,HzZggeJuag1O
"Flemig , Maja",f,Prenzlau,02.01.1996,Gauckallee 8,12362 Berlin,Skill08-2021,03.09.21,G5bnFsxaFw1jmM
"Framm , Amanda",f,Bremen,23.05.1997,Fohlenwinkel 28,12362 Berlin,Skill08-2020,04.09.20,Z9fpqa5dAjnortU
"Franzke , Franziska",f,Neustrelitz,06.09.1996,Blumenweg 67,17235Neustrelitz,Skill08-2021,03.09.21,Neubrandenburg#0
"Fricke , Jan",m,Arnstadt,26.12.1997,Ziegelei 3,51103 Koeln,Skill09-2021,03.09.21,Aq7N1Eedgco4A
"Froehlich , Florian",m,Neustrelitz,30.08.1996,Eisstrasse 2,12527 Berlin,Skill08-2021,03.09.21,ZuWYCkja3S
"Fuessen , Tom",m,Neubrandenburg,09.05.1996,Elsterweg 12,17034 Neubrandenburg,Skill08-2020,04.09.20,LjKyehXqYG
"Gauck , Frank",m,Waren,24.08.1996,Hoher Weg 9,17192 Waren,Skill08-2021,03.09.21,Hk2fRn5Jjf3dPC
"Geisler , Florian",m,Waren,13.08.1996,Oblivion Platz 7,17389 Anklam,Skill08-2021,03.09.21,GsHjWkttJ8pPkS
"Gerwen , Sven",m,Neubrandenburg,20.04.1995,Am Feldrain 3,12362 Berlin,Skill08-2020,04.09.20,X0pxezohjmmbrBT
"Giesa  , Eric",m,Waren,07.08.1996,Bethesda Weg 5,17192 Waren,Skill08-2021,03.09.21,QKh0pXQF
"Giese , Pascal Bastian",m,Rostock,19.04.1995,Am Anger 26 B,18147 Rostock,,,Itkxj1i9w3kR
"Goers , Viktor",m,Pasewalk,03.04.1995,Schultz-von-Thun-strasse 3,17309 Pasewalk,Skill39-2021,03.09.21,CpbTSt1Po8M
"Graeber , Eva ",f,Neubrandenburg,20.01.1996,Petrosawodsker Str. 46,17034 Neubrandenburg,Skill39-2020,04.09.20,X9mb8skzT
"Greiner , Vivien",f,Anklam,06.02.1997,Kurze Str. 4,17389 Anklam,Skill09-2021,03.09.21,Rpt9ssiRksy5QdeM
"Groth , Ole",m,Neubrandenburg,11.04.1995,Ahornweg 12,17034 Neubrandenburg,,,Tftat9qfob0l6O
"Gruenwald , Tobias",m,Prenzlau,28.02.1996,Wieland 3,18147 Rostock,Skill39-2021,03.09.21,IConmt9dAjPdF
"Gueschow , Emma",f,Goeppingen,29.07.1996,Turmstrasse 6,12527 Berlin,Skill08-2021,03.09.21,P6tqTiG
"Gussmann , Sarah Michelle",f,Solechow/Poland,01.07.1995,Lessingplatz 6,18147 Rostock,Skill39-2021,03.09.21,EUnsgg3b3zutYS
"Haffner , Rosemarie",f,Neubrandenburg,23.06.1996,Goethestrasse 2,17036 Neubrandenburg,Skill39-2021,03.09.21,V3cjbtzfbhqG
"Hagen , Paula",f,Neubrandenburg,09.06.85,Schillerstrasse 3,17034 Neubrandenburg,,,OtFhB6x8G
"Hahnemann , Sebastian",m,Neubrandenburg,01.09.1995,Heidepark 130,47167 Duisburg,Skill39-2020,04.09.20,Tyqt8ut8zd4J
"Hartmann , Patrick",m,Dortmund,01.06.1996,Kennedy Weg 3,44229 Dortmund,Skill39-2021,03.09.21,Lhkuuf7mmYNQ
"Hausknecht , Maximilian",m,Neubrandenburg,29.05.1995,Kelvin Platz 3,17039 Neubrandenburg,Skill39-2021,03.09.21,FyywyuaoMhL
"Heidemann , Luisa",f,Naltschick/Russia,23.05.1997,Celsius Platz 4,17389 Anklam,Skill39-2021,03.09.21,Kjlhzd7iV5kagubY
"Held , Julius",m,Geesthacht,09.05.1996,Fahrenheit Allee 2,15236 Frankfurt Oder,Skill39-2021,03.09.21,Booht9flbejFB
"Hilke , Jule",f,Demmin,20.04.1995,Leibniz Weg 6,17358,Skill39-2021,03.09.21,B9k8Q7Gw9E0x
"Hinz , Jona",f,Anklam,19.04.1995,Gaussstrasse 2,17389 Anklam,Skill39-2021,03.09.21,YbdikgJ
"Hirschhausen , Robert",m,Helmstedt,17.08.1997,Dorfstrasse 21,38350 Helmstedt,Skill39-2020,04.09.20,XZ1xvtuV
"Hoffmann , Sam",m,Neubrandenburg,20.02.77,L.-v.-Beethoven-Ring 14,17036 Neubrandenburg,,,YaO5z1NlMRs8rCJ-6jzYxNc8zM
"Hofmann , Paul",m,Leipzig,09.11.1997,Ziolkowskistrasse 18,04316 Leipzig,Skill09-2021,03.09.21,Cbq3qgfet6s0D
"Holtz , Rieke",f,Neubrandenburg,14.08.1996,Dorfstrasse 12b,17033 Neubrandenburg,Skill39-2020,04.09.20,D4zbef3n9V5T
"Holtzhausen , Joanne",f,Neubrandenburg,11.04.1995,Keplerstrasse 3,"17033
17087 Neubrandenburg",Skill39-2021,03.09.21,Xgep6sphC
"Holzmann , Rudi",m,Aachen,11.03.1997,Lindenring 11,38350 Helmstedt,Skill09-2021,03.09.21,D7iq9e9tQ
"Hosemann , Felix",m,Dortmund,18.01.1995,Otto-Lilienthal-Str. 20,44229 Dortmund,Skill39-2020,04.09.20,F3Kh3rjqxzpaY
"Jabs , Jasmin",f,Neubrandenburg,30.03.1996,Hertzallee 65,34117 Kassel,Skill39-2021,03.09.21,Mxy4uAmjIsluG
"Jaenschke , Richard",m,Neubrandenburg,13.08.1992,Dahlienstieg 6,17192 Waren,Skill39-2020,04.09.20,NdttBc6Z
"Jahn , Henry",m,Koeln,25.03.1997,Roentgenstrasse 2,51143 Koeln,Skill08-2021,03.09.21,Qmxztt1lB
"Janicke , Gina Maria",f,Unter Allgaeu,21.02.1995,Meyerstrasse 1,17309 Pasewalk,Skill08-2021,03.09.21,DeaNji4OsR
"Jarke , Tom",m,Goettingen,13.02.1996,Tesslarstrasse 2,17192 Waren,Skill08-2021,03.09.21,GxbjxpB
"Kamzol , Tom",m,Bad Schwartau,06.02.1996,Messmer Platz 3,12362 Berlin,Skill08-2021,03.09.21,L9j3aR
"Karp , Till",m,Kiel,01.02.1997,Planck Platz 4,47167 Duisburg,Skill08-2021,03.09.21,GpJrLiR
"Karsch , Frank",m,Solingen,09.07.1996,Hauptstrasse 9a,12232 Berlin,Skill08-2021,03.09.21,2o1s9d2KpsZmPM
"Kelm , Danny",m,Guenstow,08.05.1996,Star-Wars-Strasse 32,47167 Duisburg,Skill08-2021,03.09.21,E3rWyg8i6MIRZ
"Kindler , Oliver",m,Helmstedt,07.10.1997,Agenten Weg 6,38350 Helmstedt,,,Uus1Hs3fi7bxmsB
"Kirschke , Nora",f,Anklam,10.03.1997,Lindenstrasse 16,17389 Anklam,Skill09-2021,03.09.21,O2nqrlnlurvzH
"Klostermann , Maximilian",m,Brandenburg,05.04.1995,A.-Duerer-Strasse 4,60385 Frankfurt am Main,,,Te4p5nUD
"Kluetzhof , Philipp",m,Frankfurt am Main,12.08.1995,Carl-Stolte-Strasse 19,60385 Frankfurt am Main,Skill39-2020,04.09.20,Fgysnk5pgr5kS
"Kluge , Soeren",m,Neubrandenburg,13.09.1996,Bergstrasse 3,17033 Neubrandenburg,Skill39-2021,03.09.21,Tmxi0rtgvI
"Koepke , Franziska Marie",f,Dresden,05.02.2000,Sperlingstrasse 9,01307 Dresden,Skill09-2021,03.09.21,U3x7wqnwrzeC
"Koepke , Niklas",m,Neubrandenburg,03.09.92,Gustaf-Olafson-Strasse 46,12362 Berlin,,,5VaV
"Kohlschmied , Lukas",m,Neubrandenburg,30.03.1996,Eichhoernchenweg 1,17034 Neubrandenburg,Skill02-2021,03.09.21,QYn6bgtY
"Krassmann , Paul Eric",m,Neubrandenburg,01.08.87,Brunner Strasse 18,17033 Neubrandenburg,,,GpbbzzfjfF
"Krause , Jette",f,Oberhof,05.04.1995,Zuse Weg 3,17389 Anklam,Skill39-2021,03.09.21,AA5lPsEOd9saA
"Krautschick , Nico",m,Frankfurt am Main,17.08.1997,Schuhstrasse 2,7033 Frankfurt am Main,Skill39-2021,03.09.21,RwfR9n1ioeueplM
"Kretschmann , Monica",f,Neubrandenburg,14.08.1996,Leipziger Allee 8,17033 Neubrandenburg,Skill39-2021,03.09.21,Wak2rsE0K
"Kreuzberg , Friedrich",m,Neubrandenburg,23.06.1996,Glienker Dorfstrasse 43,38350 Helmstedt,Skill08-2020,04.09.20,Wpr2a7Z
"Kuehn , Michelle",f,Frankfurt Oder,13.08.1992,Berliner Chaussee 2,15234 Frankfurt Oder,Skill39-2021,03.09.21,Qe1hY)9MH1t0hCDczw
"Kuessner , Malte",m,Karlsruhe,29.07.1997,Hohlweg 1,"17033
17087 Neubrandenburg",Skill39-2021,03.09.21,Cmd3b9rR
"Kurtzenburg , Johanna",f,Potsdam,28.03.87,Duemperstr. 20,"17033
17087 Neubrandenburg",,,KooCWFdAGqc4iP
"Kurze , Marvin ",f,Neubrandenburg,12.08.1995,Stettiner Strasse 26,17033 Neubrandenburg,Skill39-2021,03.09.21,OroFz4iq0IBN
"Labes , Lucy",f,Neubrandenburg,15.07.1996,Am Muehlenweg 7b,17034 Neubrandenburg,Skill39-2021,03.09.21,N4tia4nYyrdq7E
"Labs , Leon",m,Neubrandenburg,09.06.1995,Schmelingstrasse 3,17039 Neubrandenburg,Skill39-2021,03.09.21,T3qxVtl7Q
"Lange , Nele",f,Frankfurt Oder,15.07.1996,Brauereistrasse 79,15236 Frankfurt Oder,Skill39-2020,04.09.20,U6saujAzh5qyS
"Langhans , Moritz",m,Berlin,29.02.1996,Marie-Hager-Strasse 36,44229 Dortmund,Skill09-2021,03.09.21,EMuvcrqvwiqSwceO
"Laskewitsch , Moritz",m,Cottbus,27.04.1994,Max-Planck-Strasse 4,34117 Kassel,Skill09-2021,03.09.21,WL5ax2qL
"Lehmann , Luca",f,Rostock,07.06.1995,Georg-Schumann-Strasse 1,17237 Blankensee,Skill08-2020,04.09.20,A6dkpiPI
"Lehr , Laura Sophie",f,Papenburg,08.05.1994,Brechtplatz 3,68161 Mannheim,Skill39-2021,03.09.21,Z5wEnlvABwX
"Levenhagen , Christian",m,Anklam,20.04.1996,Einhorn Allee 14,17389 Anklam,Skill08-2021,03.09.21,T0kzXb7Y
"Levermann , Florian",m,Neubrandenburg,21.11.1994,Ottenhagen 12,17039 Neubrandenburg,Skill39-2020,04.09.20,HbNx0fxiwdhQ
"Liebau , Celine",f,Neubrandenburg,05.04.1996,Agenten Weg 6,34117 Kassel,,,NDZk5gbnN
"Lippert , Hans",m,Orenburg/Russia,29.10.1997,Neustrelitzer Strasse 101,12362 Berlin,Skill09-2020,04.09.20,Y8i0iele4pzpq5U
"Luebs , Hannes",m,Geesthacht,25.10.1996,Neustrelitzer Str. 51,22999 Hamburg,Skill09-2020,04.09.20,O5tdbt3T1FuowL
"Lukoschka , Jakob",m,Neubrandenburg,21.02.1995,Dorfstrasse 9,17237 Moellenbeck,Skill02-2021,03.09.21,AnwL1yzO61cl1Wj)1tHdG
"Malchow , Sophie",f,Arnstadt,27.10.1995,Bergstrasse 3,51143 Koeln,Skill08-2020,04.09.20,JsrmidZH
"Manja , Maximilian",m,Demmin,01.05.1995,Melissenstrasse 15,17237 Blankensee,Skill09-2020,04.09.20,JX3HMdfYWDfoD
"Manteufel , Florian",m,Leipzig,10.11.1995,Gustaf-Olafson-Strasse 46,39120 Magdeburg,Skill08-2020,04.09.20,N0ekr5qqiZML
"Markus , Sophie",f,Magdeburg,02.04.1995,Schuhstrasse 2,38350 Helmstedt,Skill08-2020,04.09.20,SexwMeh8EIojzC
"Martung , Janik",m,Demmin,30.09.1995,Nbdg. Chaussee 13,Demmin,Skill09-2020,04.09.20,K2vxgaHxr0n7gRcL
"Matz , Jennifer",f,Anklam,26.09.1994,Mueritzweg 5,17389 Anklam,Skill09-2020,04.09.20,Ye6naIKf8rnjsV
"Mehl , Pepe",m,Dresden,29.04.1995,Leipziger Allee 8,01307 Dresden,Skill08-2020,04.09.20,F1Vb3rs2QJfyJ
"Meier , Marvin",m,Neubrandenburg,11.06.65,Jorg-Bruecke-Strasse 8,17033 Neubrandenburg,,,JgxqVko0kfkgA4C
"Meier , Maximilian",m,Demmin,13.04.1995,Berliner Chaussee 2,10365Berlin,Skill08-2020,04.09.20,Jen2Vx9k0uMC
"Metzelder , Joe",m,Neubrandenburg,24.09.1994,"Mlada-Boleslaver-Str. 48 (Mu)
Barkower Str. 14c (Va)","17033
17087 Neubrandenburg",Skill09-2020,04.09.20,RpcvgnGiyPlE
"Mewes , Marten",m,Berlin,14.10.1994,Stettiner Strasse 26,12362 Berlin,Skill08-2020,04.09.20,12345678
"Meyer , Robert",m,Neubrandenburg,07.10.1994,Einhorn Allee 14,22417 Hamburg,Skill39-2021,03.09.21,On1eudLarsS
"Mietzner , Ulrike",f,Greifswald,13.10.1995,Star-Wars-Strasse 32,17384 Greifswald,Skill39-2021,03.09.21,ZyOpzT3rjoSpK
"Milo , Florian",m,Neubrandenburg,28.10.1996,Hauptstrasse 9a,17033 Neubrandenburg,Skill39-2021,03.09.21,WgP01de0p+
"Minkwitz , Fiete",m,Erfurt,02.11.1997,Turmstrasse 6,47167 Duisburg,Skill39-2021,03.09.21,LPPgef3eVz9uD
"Mohr , Marius",m,Ufa/Russia,06.05.1997,Straussstrasse 3,12362 Berlin,Skill09-2020,04.09.20,LrUqwT6k3ohZ
"Mueller , Felix",m,Neubrandenburg,07.11.1994,Bethesda Weg 5,12362 Berlin,Skill39-2021,03.09.21,Zp2l5eAqvuA
"Mueller , Franz",m,Mannheim,07.12.1995,Oblivion Platz 7,68161 Mannheim,Skill39-2021,03.09.21,H6D4m3=Y5A4p56wD0wtcebk4GS
"Mueller , Len Malte",m,Bern,28.05.1995,Salvador-Allende-Strasse 61,01307 Dresden,Skill09-2020,04.09.20,LOemikuvclmR
"Mueller , Sara",f,Neubrandenburg,11.12.66,Hoher Weg 9,17034 Neubrandenburg,,,VUxs0zrNjr9wl4aP
"Mueller , Thomas",m,Magdeburg,09.12.1997,Eisstrasse 2,39120 Magdeburg,Skill39-2021,03.09.21,D0n0dq4kbfto2TkS
"Mundt , Julian",m,Goettingen,18.06.1996,Robert-Koch-Strasse 28,17235 Neustrelitz,Skill09-2020,04.09.20,Berlin
"Munke , Thorsten",m,Neubrandenburg,02.01.1996,Blumenweg 67,68161 Mannheim,Skill39-2021,03.09.21,YdqdH5SNlx6bO
"Nagel , Till",m,Hamburg,09.01.1996,Koenigswegs 5,22999 Hamburg,Skill39-2021,03.09.21,JcC0v7mlzcF
"Nebel , Nico",m,Waren,13.08.1996,Warener Chaussee 38,17389 Anklam,Skill09-2021,03.09.21,MwVmz1nK
"Pack , Marie",f,Waren,20.02.2000,Zur Alten Schmiede 22,12527 Berlin,Skill09-2021,03.09.21,Uy6Grpy1u7vsS
"Petersen , Sandro",m,Neustrelitz,30.08.1996,Usedomer Strasse 3,22417 Hamburg,Skill09-2021,03.09.21,Qqkhdz1dfg4P
"Pohlke , Markus",m,Karlsruhe,08.05.1994,Kastanienallee 39,12232 Berlin,Skill39-2020,04.09.20,Xoxovlxwv2K
"Roggen , Jonas",m,Neubrandenburg,03.09.1994,Radegaststrasse 7,12362 Berlin,Skill09-2020,04.09.20,XSflbwO
"Rohloff , Ibrahim",m,Rostock,13.02.1996,Berndshof 27,17389 Anklam,Skill02-2021,03.09.21,Cvrde0Na0G
"Rosco , Luise",f,Waren,10.05.1997,Strasse zum Reitplatz 5a,18147 Rostock,Skill09-2020,04.09.20,Ebxgz0ftvuD
"Rossa , Malik",m,Prenzlau,14.05.1996,Strasse der Jugend 7,12232 Berlin,Skill09-2020,04.09.20,1o7xmu5RsuP0Vx6A
"Salomon , Adrian",m,Neubrandenburg,05.04.64,Kessinerstrasse 22,17033 Neubrandenburg,,,K1lmdf4NoIA7I
"Scharming ,  Michelle",f,Neubrandenburg,06.02.1996,Gebr.-Boll-Strasse 16,17033 Neubrandenburg,Skill02-2021,03.09.21,B1vkxpR1gF53nR1pK
"Schell , Susan",f,Neustrelitz,06.09.1996,Tollenseweg 1,17235 Neustrelitz,Skill09-2021,03.09.21,Xryu9fM
"Schlaack , Jule",f,Koeln,29.08.1995,Robert-Blum-Strasse 6,51103 Koeln,Skill09-2020,04.09.20,MzbrJ3uS9fbUfqM
"Schmitt , Christian",m,Friedrichshafen,01.02.1996,Anton-Saefkow-Strasse 1,12362 Berlin,Skill02-2021,03.09.21,Pt0Jnq0nvuGhKjE
"Schneider , Luisa",f,Neustrelitz,15.05.1994,Stralsunder Strasse 24,17235 Neustrelitz,Skill09-2020,04.09.20,AQrTCe8mO
"Schockenbaeumer , Lisa",f,Eisenach,20.05.1995,Stolpe 34,12362 Berlin,Skill09-2020,04.09.20,UbF3lm5zl5fcm0F
"Schoeller , Berenike",f,Neubrandenburg,28.02.1996,Kirchstrasse 38,17039 Neubrandenburg,Skill39-2020,04.09.20,TkypsxNfWQ0m4L
"Schoeller , Felicia",f,Neubrandenburg,01.02.1997,Bahnhofstrasse 6,17036 Neubrandenburg,Skill02-2021,03.09.21,ImD)rvfnMS
"Schultze , Lennart",m,Neubrandenburg,02.11.1997,Johanna-Beckmann-Ring 60,17034 Neubrandenburg,Skill39-2020,04.09.20,Oig9usEA
"Schumann , Cheyenne",f,Papenburg,26.02.1997,Kirschenallee 43,68161 Mannheim,Skill39-2020,04.09.20,Xh2jrH1sk6zl6PI
"Stelldach , Cheyenne",f,Pasewalk,15.02.1997,Kirschenallee 45,17309 Pasewalk,Skill39-2020,04.09.20,Ngiy6Vs6nX1P
"Stoop , Chris",m,Prenzlau,09.02.1997,Prenzlauer Strasse 48,17109 Demmin,Skill39-2020,04.09.20,FjTaXD9NsPZg8ncH
"Stopfel , Lea",f,Neubrandenburg,31.05.86,Sabeler Weg 27,17036 Neubrandenburg,,,RZfalgUssX
"Tetzlaff , Jona",m,Oberhof,07.09.1994,Klein Methling 43,17192 Waren,Skill09-2020,04.09.20,ZL3cagvvO
"Thomas , Lea",f,Kiel,07.06.1994,Rudolf-Virchow-Str. 23,47167 Duisburg,Skill09-2020,04.09.20,FGojbuV
"Trenks , Clara",f,Berlin,13.02.2000,Schwanbecker Strasse 8,10365Berlin,Skill09-2021,03.09.21,5Zjz1c1lM4k(8w1meL10bF
"Tutovski , Karsten Julius",m,Bad Schwartau,12.06.87,Roentgenstrasse 10,12527 Berlin,,,Vv9gnODs5qr2xHhI
"Waxmut , Noel Amon",m,Waren,24.08.1996,Waldmeisterweg 3,17192 Waren,Skill09-2021,03.09.21,M1lX0lwyjDfyaA
"Weiler , Tim",m,Magdeburg,02.10.1997,Zum gruenen Steig 3,39120 Magdeburg,Skill09-2021,03.09.21,VeDd4vljX
"Winter ,Ernest",m,Zagreb/Croatia,17.07.1996,Robert-Koch-Strasse 12,11232 Berlin,Skill09-2020,04.09.20,QWERTZ123
"Wolters , Christoph",m,Scszecin/Poland,22.01.1997,Pinnow Nr. 21,12362 Berlin,Skill39-2020,04.09.20,XT8kozRuK
"Zicker , Daniela",f,Neubrandenburg,20.01.1997,Petrosawodsker Strasse 74,17036 Neubrandenburg,Skill39-2020,04.09.20,Tt1dvIeVrufKctrA
